report_id,display_title,publish_status,source_batch,proposed_analyst_id,proposed_analyst_name,proposed_role,confidence_level,evidence_source,evidence_value,action_recommendation,notes
1d253ea0-0c33-4cc4-bf7d-31ec64a5c7d4,Downstream Sector 2025: Pricing Reform Creates New Winners,review,legacy,a667e183-9761-40b1-965a-cd12de6750db,Bolade Agboola,analyst,medium,title_category_heuristic,oil & gas,review,
f393d033-6d39-4e0d-98f6-338d733ebb43,2025 Debt TAI,published,legacy,b5912ff3-e1c8-44ed-9b0a-02b6d8aa44a7,Chapel Hill Denham Research,analyst,high,title_category_heuristic,debt/macro,insert,
20aa34f7-a9ec-4b02-88d7-30d2b529635b,Accesscorp Company Update 2025,published,legacy,aebb5193-74b5-4496-b8f8-477db5043011,Nabila Mohammed,analyst,high,title_category_heuristic,financials,insert,
d2720c50-f3d4-4adc-a11a-e02f9aa82323,Airtel Africa Plc Company Research Update,published,legacy,b18ecc2d-6b05-4f87-b37a-68cef253df94,Tajudeen Ibrahim,analyst,high,title_category_heuristic,telecom,insert,
559f9ac1-2128-4d05-87a1-715e3d2d6ecf,Dangote Cement 9M - 24 Initial Comment,published,legacy,2707f7e6-b1bf-4989-8a2c-e19700c01c4c,Gideon Oshadumi,analyst,high,title_category_heuristic,cement,insert,
04051a6e-baff-4038-848a-32006b32f8ac,Dangote Cement Plc FY - 25 Company Update (1),published,legacy,2707f7e6-b1bf-4989-8a2c-e19700c01c4c,Gideon Oshadumi,analyst,high,title_category_heuristic,cement,insert,
14908ea9-9c36-409a-b2d3-f1d7377d4adb,ETI H1 - 25 INITIAL COMMENTS,review,legacy,,,,none,,,skip,
80c3d5c2-f1dd-4a9b-ba4c-6d37f8864667,FCMB Initial Comments FY - 24,review,legacy,,,,none,,,skip,
08cb2533-adc2-4726-bcab-ffa01cf043b8,Fidelity FY - 24 INITIAL COMMENTS,review,legacy,,,,none,,,skip,
0bc9e39d-014c-4644-bd5e-76d7a0d98aad,First holdco H1 25 results,review,legacy,,,,none,,,skip,
6f1a0130-cdff-4290-a0f6-750e87ee8396,GTCO FY 25 Initial Comments,review,legacy,aebb5193-74b5-4496-b8f8-477db5043011,Nabila Mohammed,analyst,low,title_category_heuristic,financials,review,
25c10963-370a-45e0-867f-32a1cfee6d92,GTCO H1 - 25 Initial Comments,review,legacy,aebb5193-74b5-4496-b8f8-477db5043011,Nabila Mohammed,analyst,low,title_category_heuristic,financials,review,
b2083377-157d-4a5f-bbc8-dd2077b0d241,Lafarge Africa Plc Q1 - 25 INITIAL COMMENTS,review,legacy,,,,none,,,skip,
22eb36bb-eeb7-4dce-9bb3-fa8bbeca7538,MTN Nigeria Communications PLC Initial Comments,review,legacy,b18ecc2d-6b05-4f87-b37a-68cef253df94,Tajudeen Ibrahim,analyst,medium,title_category_heuristic,telecom,review,
73ee3235-769c-461c-a2d9-255a81b2a62c,Nestlé Company Update 2025,review,legacy,,,,none,,,skip,
44ebbdb1-65de-4473-b3a6-8a106e479751,Nestlé Nigeria Plc 9M - 25 Initial Comments,review,legacy,,,,none,,,skip,
a14f3829-5576-45de-8199-91a32c37052e,Okomu Oil Palm Plc 9M - 25 Initial Comments,review,legacy,a667e183-9761-40b1-965a-cd12de6750db,Bolade Agboola,analyst,medium,title_category_heuristic,oil & gas,review,
aba03326-2c64-488f-9375-1e503b36f7e5,Okomu Oil Palm Plc FY - 25 Initial Comments,review,legacy,a667e183-9761-40b1-965a-cd12de6750db,Bolade Agboola,analyst,medium,title_category_heuristic,oil & gas,review,
ffabb911-5219-438f-8a36-b60d355c079f,Presco Plc FY - 25 Initial Comments,review,legacy,,,,none,,,skip,
b122997f-9a8e-4c8f-a013-f9d266f73e2d,Q1 - 25 Presco Company update,review,legacy,,,,none,,,skip,
c3cc184c-18cb-439b-aa9c-95e2340ff75a,Seplat Initial Comments 9M - 2025,review,legacy,,,,none,,,skip,
dd46be6a-7cc9-4278-a567-86269d629128,Seplat Initial Comments FY - 2024,review,legacy,,,,none,,,skip,
794bf32d-e82e-4065-ba64-992feaf35071,Stanbic H1 25 Initial Comments,review,legacy,,,,none,,,skip,
43053e8c-7507-4d77-981b-e3fee86c4832,UBA H1 - 25 Initial comments,review,legacy,,,,none,,,skip,
d0bfb662-5948-405a-beba-30be6c5052b2,Zenith Bank Initial Comments H1 25,review,legacy,aebb5193-74b5-4496-b8f8-477db5043011,Nabila Mohammed,analyst,low,title_category_heuristic,financials,review,
fda1e454-aa56-4249-87a7-943b4f0fedbf,Zenith FY - 25 Initial Comments NEW,review,legacy,aebb5193-74b5-4496-b8f8-477db5043011,Nabila Mohammed,analyst,low,title_category_heuristic,financials,review,
a927d090-62ae-495b-b80b-bbd66632b40f,Daily Market Report (02 - 04 - 2025),review,batch2a,b5912ff3-e1c8-44ed-9b0a-02b6d8aa44a7,Chapel Hill Denham Research,analyst,high,email_sender_and_report_type,Chapel Hill Denham Research <research@chapelhilldenham.com>,insert,
ec176ad4-46ea-4bbd-8b7a-29c70933f933,Daily Market Report (03 - 04 - 2025),review,batch2a,b5912ff3-e1c8-44ed-9b0a-02b6d8aa44a7,Chapel Hill Denham Research,analyst,high,email_sender_and_report_type,Chapel Hill Denham Research <research@chapelhilldenham.com>,insert,
e920fb4c-1730-4605-a682-017ed175772f,Daily Market Report (04 - 04 - 2025),review,batch2a,b5912ff3-e1c8-44ed-9b0a-02b6d8aa44a7,Chapel Hill Denham Research,analyst,high,email_sender_and_report_type,Chapel Hill Denham Research <research@chapelhilldenham.com>,insert,
b3c916d5-041f-4dbc-bb85-1ed401f09ee0,Daily Market Report (07 - 04 - 2025),review,batch2a,b5912ff3-e1c8-44ed-9b0a-02b6d8aa44a7,Chapel Hill Denham Research,analyst,high,email_sender_and_report_type,Chapel Hill Denham Research <research@chapelhilldenham.com>,insert,
00bc7dbb-20c6-4cc5-bfed-61255dc04881,Daily Market Report (08 - 04 - 2025),review,batch2a,b5912ff3-e1c8-44ed-9b0a-02b6d8aa44a7,Chapel Hill Denham Research,analyst,high,email_sender_and_report_type,Chapel Hill Denham Research <research@chapelhilldenham.com>,insert,
23d4f22e-f2d9-42f9-a8d9-bdc687e47213,Daily Market Report (09 - 04 - 2025).,review,batch2a,b5912ff3-e1c8-44ed-9b0a-02b6d8aa44a7,Chapel Hill Denham Research,analyst,high,email_sender_and_report_type,Chapel Hill Denham Research <research@chapelhilldenham.com>,insert,
4b4c1c1a-a443-4584-8b79-09968ed0cebf,Daily Market Report (10 - 04 - 2025),review,batch2a,b5912ff3-e1c8-44ed-9b0a-02b6d8aa44a7,Chapel Hill Denham Research,analyst,high,email_sender_and_report_type,Chapel Hill Denham Research <research@chapelhilldenham.com>,insert,
caea1e56-b0a4-4a7a-87be-147a1a2d3eed,Daily Market Report (11 - 04 - 2025),review,batch2a,b5912ff3-e1c8-44ed-9b0a-02b6d8aa44a7,Chapel Hill Denham Research,analyst,high,email_sender_and_report_type,Chapel Hill Denham Research <research@chapelhilldenham.com>,insert,
177c29d7-df21-457c-aaa4-0758efcfa181,Daily Market Report (14 - 04 - 2025),review,batch2a,b5912ff3-e1c8-44ed-9b0a-02b6d8aa44a7,Chapel Hill Denham Research,analyst,high,email_sender_and_report_type,Chapel Hill Denham Research <research@chapelhilldenham.com>,insert,
12830405-2fbf-44a9-9ca2-5126da3b589e,Daily Market Report (15 - 04 - 2025),review,batch2a,b5912ff3-e1c8-44ed-9b0a-02b6d8aa44a7,Chapel Hill Denham Research,analyst,high,email_sender_and_report_type,Chapel Hill Denham Research <research@chapelhilldenham.com>,insert,
04e950eb-5f36-4d95-aa3d-1183069ea7c9,Daily Market Report (16 - 04 - 2025),review,batch2a,b5912ff3-e1c8-44ed-9b0a-02b6d8aa44a7,Chapel Hill Denham Research,analyst,high,email_sender_and_report_type,Chapel Hill Denham Research <research@chapelhilldenham.com>,insert,
f0b7ce18-2868-409b-b804-c7b68ad9dcf6,Daily Market Report (17 - 04 - 2025),review,batch2a,b5912ff3-e1c8-44ed-9b0a-02b6d8aa44a7,Chapel Hill Denham Research,analyst,high,email_sender_and_report_type,Chapel Hill Denham Research <research@chapelhilldenham.com>,insert,
c40cf684-d0c4-4447-accd-492e7210913d,Daily Market Report (22 - 04 - 2025).,review,batch2a,b5912ff3-e1c8-44ed-9b0a-02b6d8aa44a7,Chapel Hill Denham Research,analyst,high,email_sender_and_report_type,Chapel Hill Denham Research <research@chapelhilldenham.com>,insert,
f6bda957-19c5-4b2b-a83d-9fc533ce04a7,Daily Market Report (24 - 04 - 2025),review,batch2a,b5912ff3-e1c8-44ed-9b0a-02b6d8aa44a7,Chapel Hill Denham Research,analyst,high,email_sender_and_report_type,Chapel Hill Denham Research <research@chapelhilldenham.com>,insert,
400c92d1-2284-4271-aeb0-32c793b3bd7b,Daily Market Report (25 - 04 - 2025),review,batch2a,b5912ff3-e1c8-44ed-9b0a-02b6d8aa44a7,Chapel Hill Denham Research,analyst,high,email_sender_and_report_type,Chapel Hill Denham Research <research@chapelhilldenham.com>,insert,
64459d96-3c51-42f8-821a-5c2e41691d52,Daily Market Report (28 - 04 - 2025),review,batch2a,b5912ff3-e1c8-44ed-9b0a-02b6d8aa44a7,Chapel Hill Denham Research,analyst,high,email_sender_and_report_type,Chapel Hill Denham Research <research@chapelhilldenham.com>,insert,
a10df221-b14c-4709-b1b3-29d369a06ab5,Daily Market Report (29 - 04 - 2025),review,batch2a,b5912ff3-e1c8-44ed-9b0a-02b6d8aa44a7,Chapel Hill Denham Research,analyst,high,email_sender_and_report_type,Chapel Hill Denham Research <research@chapelhilldenham.com>,insert,
cda8596e-3870-4d1c-865c-90729ce9af7b,Daily Market Report (30 - 04 - 2025),review,batch2a,b5912ff3-e1c8-44ed-9b0a-02b6d8aa44a7,Chapel Hill Denham Research,analyst,high,email_sender_and_report_type,Chapel Hill Denham Research <research@chapelhilldenham.com>,insert,
37382ab8-57c3-498a-a452-77df4fadee74,Daily Market Report. (23 - 04 - 2025),review,batch2a,b5912ff3-e1c8-44ed-9b0a-02b6d8aa44a7,Chapel Hill Denham Research,analyst,high,email_sender_and_report_type,Chapel Hill Denham Research <research@chapelhilldenham.com>,insert,
7048978d-6695-439b-bfa2-38c6a262c128,Daily Market Report (01 - 08 - 2025),review,batch2a,b5912ff3-e1c8-44ed-9b0a-02b6d8aa44a7,Chapel Hill Denham Research,analyst,high,email_sender_and_report_type,Chapel Hill Denham Research <research@chapelhilldenham.com>,insert,
88ecddfc-0fd8-43b9-bc8b-c02e6ed66f79,Daily Market Report (04 - 08 - 2025),review,batch2a,b5912ff3-e1c8-44ed-9b0a-02b6d8aa44a7,Chapel Hill Denham Research,analyst,high,email_sender_and_report_type,Chapel Hill Denham Research <research@chapelhilldenham.com>,insert,
094a5f7b-892c-4e8e-9af8-ff694be1302b,Daily Market Report (05 - 08 - 2025),review,batch2a,b5912ff3-e1c8-44ed-9b0a-02b6d8aa44a7,Chapel Hill Denham Research,analyst,high,email_sender_and_report_type,Chapel Hill Denham Research <research@chapelhilldenham.com>,insert,
a1b96bb1-8f24-46a3-92a1-2d36e949a0fd,Daily Market Report (06 - 08 - 2025),review,batch2a,b5912ff3-e1c8-44ed-9b0a-02b6d8aa44a7,Chapel Hill Denham Research,analyst,high,email_sender_and_report_type,Chapel Hill Denham Research <research@chapelhilldenham.com>,insert,
cf624142-a1bd-4aa2-abb7-cc5ac2c12e17,Daily Market Report (07 - 08 - 2025),review,batch2a,b5912ff3-e1c8-44ed-9b0a-02b6d8aa44a7,Chapel Hill Denham Research,analyst,high,email_sender_and_report_type,Chapel Hill Denham Research <research@chapelhilldenham.com>,insert,
630df9ae-2bac-4047-a51f-3d0d06a7e74d,Daily Market Report (08 - 08 - 2025),review,batch2a,b5912ff3-e1c8-44ed-9b0a-02b6d8aa44a7,Chapel Hill Denham Research,analyst,high,email_sender_and_report_type,Chapel Hill Denham Research <research@chapelhilldenham.com>,insert,
a85934c5-ea0a-429e-9133-a0b4ae78ca82,Daily Market Report (08 - 12 - 2025),review,batch2a,b5912ff3-e1c8-44ed-9b0a-02b6d8aa44a7,Chapel Hill Denham Research,analyst,high,email_sender_and_report_type,Chapel Hill Denham Research <research@chapelhilldenham.com>,insert,
5151ad1d-061f-4755-b1f9-7cab1c07090b,Daily Market Report (08 - 13 - 2025),review,batch2a,b5912ff3-e1c8-44ed-9b0a-02b6d8aa44a7,Chapel Hill Denham Research,analyst,high,email_sender_and_report_type,Chapel Hill Denham Research <research@chapelhilldenham.com>,insert,
0e235f42-0083-43a6-9f13-347c37f0d633,Daily Market Report (08 - 14 - 2025),review,batch2a,b5912ff3-e1c8-44ed-9b0a-02b6d8aa44a7,Chapel Hill Denham Research,analyst,high,email_sender_and_report_type,Chapel Hill Denham Research <research@chapelhilldenham.com>,insert,
2702315f-7f53-44f7-a2db-75ff1141ca11,Daily Market Report (08 - 15 - 2025),review,batch2a,b5912ff3-e1c8-44ed-9b0a-02b6d8aa44a7,Chapel Hill Denham Research,analyst,high,email_sender_and_report_type,Chapel Hill Denham Research <research@chapelhilldenham.com>,insert,
3db05511-5556-442d-8d11-3c9181272748,Daily Market Report (08 - 18 - 2025),review,batch2a,b5912ff3-e1c8-44ed-9b0a-02b6d8aa44a7,Chapel Hill Denham Research,analyst,high,email_sender_and_report_type,Chapel Hill Denham Research <research@chapelhilldenham.com>,insert,
85239954-7704-43db-b5a3-c32db4a4666f,Daily Market Report (08 - 20 - 2025),review,batch2a,b5912ff3-e1c8-44ed-9b0a-02b6d8aa44a7,Chapel Hill Denham Research,analyst,high,email_sender_and_report_type,Chapel Hill Denham Research <research@chapelhilldenham.com>,insert,
8900bcf3-b1a1-4f07-b98b-67cab0c8692b,Daily Market Report (08 - 21 - 2025),review,batch2a,b5912ff3-e1c8-44ed-9b0a-02b6d8aa44a7,Chapel Hill Denham Research,analyst,high,email_sender_and_report_type,Chapel Hill Denham Research <research@chapelhilldenham.com>,insert,
24c7a2ee-e8c6-484a-b2c1-9c6e4f18c6fa,Daily Market Report (08 - 22 - 2025),review,batch2a,b5912ff3-e1c8-44ed-9b0a-02b6d8aa44a7,Chapel Hill Denham Research,analyst,high,email_sender_and_report_type,Chapel Hill Denham Research <research@chapelhilldenham.com>,insert,
fab55724-1571-432b-aca3-8f5272381343,Daily Market Report (08 - 25 - 2025),review,batch2a,b5912ff3-e1c8-44ed-9b0a-02b6d8aa44a7,Chapel Hill Denham Research,analyst,high,email_sender_and_report_type,Chapel Hill Denham Research <research@chapelhilldenham.com>,insert,
5e0314a6-260f-4255-ab48-99fdb3b865d5,Daily Market Report (08 - 26 - 2025),review,batch2a,b5912ff3-e1c8-44ed-9b0a-02b6d8aa44a7,Chapel Hill Denham Research,analyst,high,email_sender_and_report_type,Chapel Hill Denham Research <research@chapelhilldenham.com>,insert,
380e62c1-8cc7-419b-8724-cd8c80c8cd25,Daily Market Report (08 - 27 - 2025),review,batch2a,b5912ff3-e1c8-44ed-9b0a-02b6d8aa44a7,Chapel Hill Denham Research,analyst,high,email_sender_and_report_type,Chapel Hill Denham Research <research@chapelhilldenham.com>,insert,
5ea85552-638c-4d41-a305-69c6a176a368,Daily Market Report (08 - 28 - 2025),review,batch2a,b5912ff3-e1c8-44ed-9b0a-02b6d8aa44a7,Chapel Hill Denham Research,analyst,high,email_sender_and_report_type,Chapel Hill Denham Research <research@chapelhilldenham.com>,insert,
c0ec8e22-1020-446d-beeb-cc34cf9b5a1a,Daily Market Report (08 - 29 - 2025),review,batch2a,b5912ff3-e1c8-44ed-9b0a-02b6d8aa44a7,Chapel Hill Denham Research,analyst,high,email_sender_and_report_type,Chapel Hill Denham Research <research@chapelhilldenham.com>,insert,
73906d23-bcfe-4354-80f3-dce1995dcc21,Daily Market Report (11 - 08 - 2025),review,batch2a,b5912ff3-e1c8-44ed-9b0a-02b6d8aa44a7,Chapel Hill Denham Research,analyst,high,email_sender_and_report_type,Chapel Hill Denham Research <research@chapelhilldenham.com>,insert,
2a78671f-512c-469d-9ff9-ecd9ef8dd610,Daily Market Report (12 - 01 - 2025),review,batch2a,b5912ff3-e1c8-44ed-9b0a-02b6d8aa44a7,Chapel Hill Denham Research,analyst,high,email_sender_and_report_type,Chapel Hill Denham Research <research@chapelhilldenham.com>,insert,
3cb645e5-f890-4717-a667-b0c4ce420fe5,Daily Market Report (12 - 02 - 2025),review,batch2a,b5912ff3-e1c8-44ed-9b0a-02b6d8aa44a7,Chapel Hill Denham Research,analyst,high,email_sender_and_report_type,Chapel Hill Denham Research <research@chapelhilldenham.com>,insert,
ea21c955-6eef-4f76-8a09-e29840b7bd2e,Daily Market Report (12 - 03 - 2025),review,batch2a,b5912ff3-e1c8-44ed-9b0a-02b6d8aa44a7,Chapel Hill Denham Research,analyst,high,email_sender_and_report_type,Chapel Hill Denham Research <research@chapelhilldenham.com>,insert,
4fd40c30-7bbe-41b6-acc5-491310c67fcf,Daily Market Report (12 - 04 - 2025),review,batch2a,b5912ff3-e1c8-44ed-9b0a-02b6d8aa44a7,Chapel Hill Denham Research,analyst,high,email_sender_and_report_type,Chapel Hill Denham Research <research@chapelhilldenham.com>,insert,
99b8d200-a7bc-46c6-bac0-85d849caefff,Daily Market Report (12 - 08 - 2025),review,batch2a,b5912ff3-e1c8-44ed-9b0a-02b6d8aa44a7,Chapel Hill Denham Research,analyst,high,email_sender_and_report_type,Chapel Hill Denham Research <research@chapelhilldenham.com>,insert,
5c7dddb8-90d1-4488-9aba-64760898329d,Daily Market Report (12 - 09 - 2025),review,batch2a,b5912ff3-e1c8-44ed-9b0a-02b6d8aa44a7,Chapel Hill Denham Research,analyst,high,email_sender_and_report_type,Chapel Hill Denham Research <research@chapelhilldenham.com>,insert,
50e5d750-6c36-4c40-8125-97accb3a6f8d,Daily Market Report (12 - 10 - 2025),review,batch2a,b5912ff3-e1c8-44ed-9b0a-02b6d8aa44a7,Chapel Hill Denham Research,analyst,high,email_sender_and_report_type,Chapel Hill Denham Research <research@chapelhilldenham.com>,insert,
db4046ed-7e46-4689-b1ae-88db448fbd21,Daily Market Report (12 - 11 - 2025),review,batch2a,b5912ff3-e1c8-44ed-9b0a-02b6d8aa44a7,Chapel Hill Denham Research,analyst,high,email_sender_and_report_type,Chapel Hill Denham Research <research@chapelhilldenham.com>,insert,
523ba08c-bf5a-4bc4-a1b5-1fd4e3cddbb1,Daily Market Report (12 - 12 - 2025),review,batch2a,b5912ff3-e1c8-44ed-9b0a-02b6d8aa44a7,Chapel Hill Denham Research,analyst,high,email_sender_and_report_type,Chapel Hill Denham Research <research@chapelhilldenham.com>,insert,
6d89a7d8-74bc-494f-a5c5-bdca8019da2d,Daily Market Report (12 - 15 - 2025),review,batch2a,b5912ff3-e1c8-44ed-9b0a-02b6d8aa44a7,Chapel Hill Denham Research,analyst,high,email_sender_and_report_type,Chapel Hill Denham Research <research@chapelhilldenham.com>,insert,
f96f187b-0caa-4e05-bb48-58bdac64012e,Daily Market Report (12 - 16 - 2025),review,batch2a,b5912ff3-e1c8-44ed-9b0a-02b6d8aa44a7,Chapel Hill Denham Research,analyst,high,email_sender_and_report_type,Chapel Hill Denham Research <research@chapelhilldenham.com>,insert,
4c9f37e1-1959-4604-a667-e750ec8699fb,Daily Market Report (12 - 17 - 2025),review,batch2a,b5912ff3-e1c8-44ed-9b0a-02b6d8aa44a7,Chapel Hill Denham Research,analyst,high,email_sender_and_report_type,Chapel Hill Denham Research <research@chapelhilldenham.com>,insert,
c7f86e0e-a541-4080-be3e-5787c1243031,Daily Market Report (12 - 18 - 2025),review,batch2a,b5912ff3-e1c8-44ed-9b0a-02b6d8aa44a7,Chapel Hill Denham Research,analyst,high,email_sender_and_report_type,Chapel Hill Denham Research <research@chapelhilldenham.com>,insert,
4d18adb2-954a-4953-8dc4-585552482923,Daily Market Report (12 - 19 - 2025),review,batch2a,b5912ff3-e1c8-44ed-9b0a-02b6d8aa44a7,Chapel Hill Denham Research,analyst,high,email_sender_and_report_type,Chapel Hill Denham Research <research@chapelhilldenham.com>,insert,
4da3c7fa-8707-4645-9218-351a3cff4eb4,Daily Market Report (12 - 22 - 2025),review,batch2a,b5912ff3-e1c8-44ed-9b0a-02b6d8aa44a7,Chapel Hill Denham Research,analyst,high,email_sender_and_report_type,Chapel Hill Denham Research <research@chapelhilldenham.com>,insert,
eee89642-d656-486c-b671-be6b3abc9fe9,Daily Market Report (12 - 23 - 2025),review,batch2a,b5912ff3-e1c8-44ed-9b0a-02b6d8aa44a7,Chapel Hill Denham Research,analyst,high,email_sender_and_report_type,Chapel Hill Denham Research <research@chapelhilldenham.com>,insert,
ed1f2d56-61c1-4c8d-b5e5-9d6cd227e234,Daily Market Report (12 - 24 - 2025),review,batch2a,b5912ff3-e1c8-44ed-9b0a-02b6d8aa44a7,Chapel Hill Denham Research,analyst,high,email_sender_and_report_type,Chapel Hill Denham Research <research@chapelhilldenham.com>,insert,
25654b7e-1062-4453-9f23-7b6d4e9a2bbd,Daily Market Report (12 - 29 - 2025),review,batch2a,b5912ff3-e1c8-44ed-9b0a-02b6d8aa44a7,Chapel Hill Denham Research,analyst,high,email_sender_and_report_type,Chapel Hill Denham Research <research@chapelhilldenham.com>,insert,
24984ddc-6939-4adc-9f08-29b2d62f8aa4,Daily Market Report (12 - 30 - 2025),review,batch2a,b5912ff3-e1c8-44ed-9b0a-02b6d8aa44a7,Chapel Hill Denham Research,analyst,high,email_sender_and_report_type,Chapel Hill Denham Research <research@chapelhilldenham.com>,insert,
b70f49f7-56cd-4728-82b4-56f4fa8e2b72,Daily Market Report (12 - 31 - 2025),review,batch2a,b5912ff3-e1c8-44ed-9b0a-02b6d8aa44a7,Chapel Hill Denham Research,analyst,high,email_sender_and_report_type,Chapel Hill Denham Research <research@chapelhilldenham.com>,insert,
0d9f89f5-b0dd-43ec-bc0a-bdf30a934669,Daily Market Report (12 - 5 - 2025),review,batch2a,b5912ff3-e1c8-44ed-9b0a-02b6d8aa44a7,Chapel Hill Denham Research,analyst,high,email_sender_and_report_type,Chapel Hill Denham Research <research@chapelhilldenham.com>,insert,
5cc90fe6-a148-4a55-b657-82613328a27d,Daily Market Report (03 - 02 - 2025),review,batch2a,b5912ff3-e1c8-44ed-9b0a-02b6d8aa44a7,Chapel Hill Denham Research,analyst,high,email_sender_and_report_type,Chapel Hill Denham Research <research@chapelhilldenham.com>,insert,
0fbff65f-8348-49c4-8058-5ba3567fb140,Daily Market Report (04 - 02 - 2025)...,review,batch2a,b5912ff3-e1c8-44ed-9b0a-02b6d8aa44a7,Chapel Hill Denham Research,analyst,high,email_sender_and_report_type,Chapel Hill Denham Research <research@chapelhilldenham.com>,insert,
aeb0cc9d-d6a8-413f-90c6-b60b841e86ac,Daily Market Report (05 - 02 - 2025),review,batch2a,b5912ff3-e1c8-44ed-9b0a-02b6d8aa44a7,Chapel Hill Denham Research,analyst,high,email_sender_and_report_type,Chapel Hill Denham Research <research@chapelhilldenham.com>,insert,
5287f616-ee96-4a60-8524-3d4368ed7d68,Daily Market Report (06 - 02 - 2025),review,batch2a,b5912ff3-e1c8-44ed-9b0a-02b6d8aa44a7,Chapel Hill Denham Research,analyst,high,email_sender_and_report_type,Chapel Hill Denham Research <research@chapelhilldenham.com>,insert,
c5c34237-c035-48c4-9004-cae8ae89a50e,Daily Market Report (07 - 02 - 2025),review,batch2a,b5912ff3-e1c8-44ed-9b0a-02b6d8aa44a7,Chapel Hill Denham Research,analyst,high,email_sender_and_report_type,Chapel Hill Denham Research <research@chapelhilldenham.com>,insert,
5d4aeae5-2cfa-41a5-a773-a7580625ad0a,Daily Market Report (11 - 02 - 2025),review,batch2a,b5912ff3-e1c8-44ed-9b0a-02b6d8aa44a7,Chapel Hill Denham Research,analyst,high,email_sender_and_report_type,Chapel Hill Denham Research <research@chapelhilldenham.com>,insert,
ae67eb8b-cd77-4e31-87d5-f8bf6cdbca9e,Daily Market Report (13 - 02 - 2025),review,batch2a,b5912ff3-e1c8-44ed-9b0a-02b6d8aa44a7,Chapel Hill Denham Research,analyst,high,email_sender_and_report_type,Chapel Hill Denham Research <research@chapelhilldenham.com>,insert,
92e90f5e-0323-4a9f-8463-c4387cc34167,Daily Market Report (14 - 02 - 2025),review,batch2a,b5912ff3-e1c8-44ed-9b0a-02b6d8aa44a7,Chapel Hill Denham Research,analyst,high,email_sender_and_report_type,Chapel Hill Denham Research <research@chapelhilldenham.com>,insert,
5095ee07-6b1e-427c-aff4-6a486982c820,Daily Market Report (17 - 02 - 2025),review,batch2a,b5912ff3-e1c8-44ed-9b0a-02b6d8aa44a7,Chapel Hill Denham Research,analyst,high,email_sender_and_report_type,Chapel Hill Denham Research <research@chapelhilldenham.com>,insert,
430ab0a5-5786-4a9a-9e33-63413faa5d47,Daily Market Report (18 - 02 - 2025),review,batch2a,b5912ff3-e1c8-44ed-9b0a-02b6d8aa44a7,Chapel Hill Denham Research,analyst,high,email_sender_and_report_type,Chapel Hill Denham Research <research@chapelhilldenham.com>,insert,
bf21342f-70ca-440f-967d-77d5308fe06f,Daily Market Report (19 - 02 - 2025),review,batch2a,b5912ff3-e1c8-44ed-9b0a-02b6d8aa44a7,Chapel Hill Denham Research,analyst,high,email_sender_and_report_type,Chapel Hill Denham Research <research@chapelhilldenham.com>,insert,
f4c93216-9153-4006-bebd-6f114414ff20,Daily Market Report (20 - 02 - 2025),review,batch2a,b5912ff3-e1c8-44ed-9b0a-02b6d8aa44a7,Chapel Hill Denham Research,analyst,high,email_sender_and_report_type,Chapel Hill Denham Research <research@chapelhilldenham.com>,insert,
7b89cfbf-7ed1-46f3-80e3-100a3778b3c2,Daily Market Report (21 - 02 - 2025),review,batch2a,b5912ff3-e1c8-44ed-9b0a-02b6d8aa44a7,Chapel Hill Denham Research,analyst,high,email_sender_and_report_type,Chapel Hill Denham Research <research@chapelhilldenham.com>,insert,
93236c26-a4a3-4d50-97ee-87d0cfbc2d71,Daily Market Report (24 - 02 - 2025),review,batch2a,b5912ff3-e1c8-44ed-9b0a-02b6d8aa44a7,Chapel Hill Denham Research,analyst,high,email_sender_and_report_type,Chapel Hill Denham Research <research@chapelhilldenham.com>,insert,
ef59c34b-6549-44d9-afe0-ccd72dc58e56,Daily Market Report (25 - 02 - 2025),review,batch2a,b5912ff3-e1c8-44ed-9b0a-02b6d8aa44a7,Chapel Hill Denham Research,analyst,high,email_sender_and_report_type,Chapel Hill Denham Research <research@chapelhilldenham.com>,insert,
39e97eca-3beb-4954-85ab-3c7548b0e861,Daily Market Report (26 - 02 - 2025),review,batch2a,b5912ff3-e1c8-44ed-9b0a-02b6d8aa44a7,Chapel Hill Denham Research,analyst,high,email_sender_and_report_type,Chapel Hill Denham Research <research@chapelhilldenham.com>,insert,
940d5a11-df02-40e3-a357-42e0154ff4c5,Daily Market Report (27 - 02 - 2025),review,batch2a,b5912ff3-e1c8-44ed-9b0a-02b6d8aa44a7,Chapel Hill Denham Research,analyst,high,email_sender_and_report_type,Chapel Hill Denham Research <research@chapelhilldenham.com>,insert,
d034b5d7-e63a-4fe0-b2d3-602f4737b6cf,Daily Market Report (28 - 02 - 2025),review,batch2a,b5912ff3-e1c8-44ed-9b0a-02b6d8aa44a7,Chapel Hill Denham Research,analyst,high,email_sender_and_report_type,Chapel Hill Denham Research <research@chapelhilldenham.com>,insert,
0b25f80e-261d-4cca-a5a5-cd9b68190d4c,Daily Market Report (01 - 06 - 2025),review,batch2a,b5912ff3-e1c8-44ed-9b0a-02b6d8aa44a7,Chapel Hill Denham Research,analyst,high,email_sender_and_report_type,Chapel Hill Denham Research <research@chapelhilldenham.com>,insert,
1b5cb7f3-9c43-40b7-bd76-e4a95b07dc8f,Daily Market Report (01 - 07 - 2025),review,batch2a,b5912ff3-e1c8-44ed-9b0a-02b6d8aa44a7,Chapel Hill Denham Research,analyst,high,email_sender_and_report_type,Chapel Hill Denham Research <research@chapelhilldenham.com>,insert,
a6fab955-e65a-4ec6-9ccf-1166d9d64b01,Daily Market Report (01 - 09 - 2025),review,batch2a,b5912ff3-e1c8-44ed-9b0a-02b6d8aa44a7,Chapel Hill Denham Research,analyst,high,email_sender_and_report_type,Chapel Hill Denham Research <research@chapelhilldenham.com>,insert,
7786ab94-4b26-4075-838a-eeaaee304a44,Daily Market Report (01 - 10 - 2025),review,batch2a,b5912ff3-e1c8-44ed-9b0a-02b6d8aa44a7,Chapel Hill Denham Research,analyst,high,email_sender_and_report_type,Chapel Hill Denham Research <research@chapelhilldenham.com>,insert,
a9846f3a-348a-43e8-ba0e-e7d0e0b4c148,Daily Market Report (01 - 13 - 2025),review,batch2a,b5912ff3-e1c8-44ed-9b0a-02b6d8aa44a7,Chapel Hill Denham Research,analyst,high,email_sender_and_report_type,Chapel Hill Denham Research <research@chapelhilldenham.com>,insert,
56b8bb48-8a3b-416c-b633-b4e9917bf6f5,Daily Market Report (01 - 14 - 2025),review,batch2a,b5912ff3-e1c8-44ed-9b0a-02b6d8aa44a7,Chapel Hill Denham Research,analyst,high,email_sender_and_report_type,Chapel Hill Denham Research <research@chapelhilldenham.com>,insert,
2110a264-ca3c-4c87-9687-8e4bc44a80af,Daily Market Report (01 - 15 - 2025),review,batch2a,b5912ff3-e1c8-44ed-9b0a-02b6d8aa44a7,Chapel Hill Denham Research,analyst,high,email_sender_and_report_type,Chapel Hill Denham Research <research@chapelhilldenham.com>,insert,
3614ff18-57e3-45b9-960d-8e7446681fca,Daily Market Report (01 - 16 - 2025),review,batch2a,b5912ff3-e1c8-44ed-9b0a-02b6d8aa44a7,Chapel Hill Denham Research,analyst,high,email_sender_and_report_type,Chapel Hill Denham Research <research@chapelhilldenham.com>,insert,
96b21020-5c17-41bd-9005-4721a298c72e,Daily Market Report (01 - 17 - 2025),review,batch2a,b5912ff3-e1c8-44ed-9b0a-02b6d8aa44a7,Chapel Hill Denham Research,analyst,high,email_sender_and_report_type,Chapel Hill Denham Research <research@chapelhilldenham.com>,insert,
351755c6-6884-485a-9399-ac784a3cb76f,Daily Market Report (01 - 20 - 2025),review,batch2a,b5912ff3-e1c8-44ed-9b0a-02b6d8aa44a7,Chapel Hill Denham Research,analyst,high,email_sender_and_report_type,Chapel Hill Denham Research <research@chapelhilldenham.com>,insert,
d228a99c-9ebf-4c12-bbd2-7df288f3ffb7,Daily Market Report (01 - 21 - 2025),review,batch2a,b5912ff3-e1c8-44ed-9b0a-02b6d8aa44a7,Chapel Hill Denham Research,analyst,high,email_sender_and_report_type,Chapel Hill Denham Research <research@chapelhilldenham.com>,insert,
091878be-b647-43a3-94de-9f50e2ff8053,Daily Market Report (01 - 22 - 2025),review,batch2a,b5912ff3-e1c8-44ed-9b0a-02b6d8aa44a7,Chapel Hill Denham Research,analyst,high,email_sender_and_report_type,Chapel Hill Denham Research <research@chapelhilldenham.com>,insert,
51b9d693-ced1-4aa0-8a58-f19643eaa0c2,Daily Market Report (01 - 23 - 2025),review,batch2a,b5912ff3-e1c8-44ed-9b0a-02b6d8aa44a7,Chapel Hill Denham Research,analyst,high,email_sender_and_report_type,Chapel Hill Denham Research <research@chapelhilldenham.com>,insert,
7987a086-571d-42aa-901c-14eb86512fd6,Daily Market Report (01 - 24 - 2025),review,batch2a,b5912ff3-e1c8-44ed-9b0a-02b6d8aa44a7,Chapel Hill Denham Research,analyst,high,email_sender_and_report_type,Chapel Hill Denham Research <research@chapelhilldenham.com>,insert,
a566890f-d5b2-40f1-949f-e3218be3a888,Daily Market Report (01 - 27 - 2025),review,batch2a,b5912ff3-e1c8-44ed-9b0a-02b6d8aa44a7,Chapel Hill Denham Research,analyst,high,email_sender_and_report_type,Chapel Hill Denham Research <research@chapelhilldenham.com>,insert,
792d154d-1865-4dd7-9ace-6db665ee8a07,Daily Market Report (01 - 28 - 2025),review,batch2a,b5912ff3-e1c8-44ed-9b0a-02b6d8aa44a7,Chapel Hill Denham Research,analyst,high,email_sender_and_report_type,Chapel Hill Denham Research <research@chapelhilldenham.com>,insert,
abeda792-5821-4eb8-8ff4-58eb8240f4d0,Daily Market Report (01 - 29 - 2025),review,batch2a,b5912ff3-e1c8-44ed-9b0a-02b6d8aa44a7,Chapel Hill Denham Research,analyst,high,email_sender_and_report_type,Chapel Hill Denham Research <research@chapelhilldenham.com>,insert,
4a9a8e7f-46ff-4fad-bb92-ed527c86d1a4,Daily Market Report (01 - 30 - 2025),review,batch2a,b5912ff3-e1c8-44ed-9b0a-02b6d8aa44a7,Chapel Hill Denham Research,analyst,high,email_sender_and_report_type,Chapel Hill Denham Research <research@chapelhilldenham.com>,insert,
7699d930-d21b-4eeb-93e9-899be1102ff2,Daily Market Report (01 - 31 - 2025),review,batch2a,b5912ff3-e1c8-44ed-9b0a-02b6d8aa44a7,Chapel Hill Denham Research,analyst,high,email_sender_and_report_type,Chapel Hill Denham Research <research@chapelhilldenham.com>,insert,
bd12825a-1d8d-4719-8057-6e00fe40a3c0,Daily Market Report (1 - 02 - 2025).,review,batch2a,b5912ff3-e1c8-44ed-9b0a-02b6d8aa44a7,Chapel Hill Denham Research,analyst,high,email_sender_and_report_type,Chapel Hill Denham Research <research@chapelhilldenham.com>,insert,
aed6a136-2a86-4ac0-87cb-97982f8fda43,Daily Market Report (1 - 03 - 2025),review,batch2a,b5912ff3-e1c8-44ed-9b0a-02b6d8aa44a7,Chapel Hill Denham Research,analyst,high,email_sender_and_report_type,Chapel Hill Denham Research <research@chapelhilldenham.com>,insert,
e9a82545-2991-4e38-b698-21e1c17415a7,Daily Market Report (02 - 07 - 2025),review,batch2a,b5912ff3-e1c8-44ed-9b0a-02b6d8aa44a7,Chapel Hill Denham Research,analyst,high,email_sender_and_report_type,Chapel Hill Denham Research <research@chapelhilldenham.com>,insert,
ff0a8612-0938-4e3d-9f71-1479a7903b8a,Daily Market Report (03 - 07 - 2025),review,batch2a,b5912ff3-e1c8-44ed-9b0a-02b6d8aa44a7,Chapel Hill Denham Research,analyst,high,email_sender_and_report_type,Chapel Hill Denham Research <research@chapelhilldenham.com>,insert,
441aca08-73fd-4124-99f1-c80ddae3179e,Daily Market Report (04 - 07 - 2025),review,batch2a,b5912ff3-e1c8-44ed-9b0a-02b6d8aa44a7,Chapel Hill Denham Research,analyst,high,email_sender_and_report_type,Chapel Hill Denham Research <research@chapelhilldenham.com>,insert,
f9f8d915-555a-48fc-bd9a-d13f803f75c4,Daily Market Report (07 - 07 - 2025),review,batch2a,b5912ff3-e1c8-44ed-9b0a-02b6d8aa44a7,Chapel Hill Denham Research,analyst,high,email_sender_and_report_type,Chapel Hill Denham Research <research@chapelhilldenham.com>,insert,
f203984e-d303-4ad9-aabf-3a3a565c3af6,Daily Market Report (08 - 07 - 2025),review,batch2a,b5912ff3-e1c8-44ed-9b0a-02b6d8aa44a7,Chapel Hill Denham Research,analyst,high,email_sender_and_report_type,Chapel Hill Denham Research <research@chapelhilldenham.com>,insert,
7f5f4557-419b-4903-a672-d5eb219d52cb,Daily Market Report (09 - 07 - 2025),review,batch2a,b5912ff3-e1c8-44ed-9b0a-02b6d8aa44a7,Chapel Hill Denham Research,analyst,high,email_sender_and_report_type,Chapel Hill Denham Research <research@chapelhilldenham.com>,insert,
2b4d96d5-3074-4675-b0f9-45accd54fc58,Daily Market Report (10 - 07 - 2025),review,batch2a,b5912ff3-e1c8-44ed-9b0a-02b6d8aa44a7,Chapel Hill Denham Research,analyst,high,email_sender_and_report_type,Chapel Hill Denham Research <research@chapelhilldenham.com>,insert,
b013e4a5-4f8d-47e9-b82f-d1611dcbd528,Daily Market Report (11 - 07 - 2025),review,batch2a,b5912ff3-e1c8-44ed-9b0a-02b6d8aa44a7,Chapel Hill Denham Research,analyst,high,email_sender_and_report_type,Chapel Hill Denham Research <research@chapelhilldenham.com>,insert,
036ed6bc-a1a4-4d89-b208-052976894775,Daily Market Report (14 - 06 - 2025),review,batch2a,b5912ff3-e1c8-44ed-9b0a-02b6d8aa44a7,Chapel Hill Denham Research,analyst,high,email_sender_and_report_type,Chapel Hill Denham Research <research@chapelhilldenham.com>,insert,
fd90984e-4ebb-4fdd-b228-644887f59feb,Equities Market Update 2025,review,legacy,,,,none,,,skip,
8a8fd497-bcec-460a-968f-644e08bd36ed,Daily Market Report,review,batch2a,b5912ff3-e1c8-44ed-9b0a-02b6d8aa44a7,Chapel Hill Denham Research,analyst,high,email_sender_and_report_type,Chapel Hill Denham Research <research@chapelhilldenham.com>,insert,
4edd3fa4-5026-45c7-a5de-f455d72f65a5,Daily Market Report,review,batch2a,b5912ff3-e1c8-44ed-9b0a-02b6d8aa44a7,Chapel Hill Denham Research,analyst,high,email_sender_and_report_type,Chapel Hill Denham Research <research@chapelhilldenham.com>,insert,
6769761e-3bac-4775-8f8d-b10b034d494a,Daily Market Report,review,batch2a,b5912ff3-e1c8-44ed-9b0a-02b6d8aa44a7,Chapel Hill Denham Research,analyst,high,email_sender_and_report_type,Chapel Hill Denham Research <research@chapelhilldenham.com>,insert,
c2360bf8-0343-49e7-9eab-f5e499503f67,Daily Market Report,review,batch2a,b5912ff3-e1c8-44ed-9b0a-02b6d8aa44a7,Chapel Hill Denham Research,analyst,high,email_sender_and_report_type,Chapel Hill Denham Research <research@chapelhilldenham.com>,insert,
fe6a89a5-735c-479e-91d9-5b0b774f61f0,Daily Market Report,review,batch2a,b5912ff3-e1c8-44ed-9b0a-02b6d8aa44a7,Chapel Hill Denham Research,analyst,high,email_sender_and_report_type,Chapel Hill Denham Research <research@chapelhilldenham.com>,insert,
fae5daa9-850b-4706-9339-cc23b96ee7c4,Daily Market Report,review,batch2a,b5912ff3-e1c8-44ed-9b0a-02b6d8aa44a7,Chapel Hill Denham Research,analyst,high,email_sender_and_report_type,Chapel Hill Denham Research <research@chapelhilldenham.com>,insert,
d9ec6fb8-1367-4942-946c-b16e1a1bdae6,Daily Market Report,review,batch2a,b5912ff3-e1c8-44ed-9b0a-02b6d8aa44a7,Chapel Hill Denham Research,analyst,high,email_sender_and_report_type,Chapel Hill Denham Research <research@chapelhilldenham.com>,insert,
ceb1b742-8ef0-487c-8bf8-e0cf10139c50,Daily Market Report,review,batch2a,b5912ff3-e1c8-44ed-9b0a-02b6d8aa44a7,Chapel Hill Denham Research,analyst,high,email_sender_and_report_type,Chapel Hill Denham Research <research@chapelhilldenham.com>,insert,
22cdf67a-afc0-4d84-b375-112afd6ab2f3,Daily Market Report,review,batch2a,b5912ff3-e1c8-44ed-9b0a-02b6d8aa44a7,Chapel Hill Denham Research,analyst,high,email_sender_and_report_type,Chapel Hill Denham Research <research@chapelhilldenham.com>,insert,
1a93d694-8f3a-4a33-9623-fd0f4f6afed9,Daily Market Report,review,batch2a,b5912ff3-e1c8-44ed-9b0a-02b6d8aa44a7,Chapel Hill Denham Research,analyst,high,email_sender_and_report_type,Chapel Hill Denham Research <research@chapelhilldenham.com>,insert,
05825341-adcd-41e3-a7d7-8362ea18ca4a,Daily Market Report,review,batch2a,b5912ff3-e1c8-44ed-9b0a-02b6d8aa44a7,Chapel Hill Denham Research,analyst,high,email_sender_and_report_type,Chapel Hill Denham Research <research@chapelhilldenham.com>,insert,
09914c1b-82b9-42d8-9c48-7eb63780612d,Daily Market Report,review,batch2a,b5912ff3-e1c8-44ed-9b0a-02b6d8aa44a7,Chapel Hill Denham Research,analyst,high,email_sender_and_report_type,Chapel Hill Denham Research <research@chapelhilldenham.com>,insert,
d6db5e44-b238-4a82-ac04-302245368019,Daily Market Report,review,batch2a,b5912ff3-e1c8-44ed-9b0a-02b6d8aa44a7,Chapel Hill Denham Research,analyst,high,email_sender_and_report_type,Chapel Hill Denham Research <research@chapelhilldenham.com>,insert,
6899af33-05b1-48d8-ad5f-f2c9d6626749,Daily Market Report,review,batch2a,b5912ff3-e1c8-44ed-9b0a-02b6d8aa44a7,Chapel Hill Denham Research,analyst,high,email_sender_and_report_type,Chapel Hill Denham Research <research@chapelhilldenham.com>,insert,
2547a098-4c40-4003-8b7b-13ef440a55c6,Daily Market Report,review,batch2a,b5912ff3-e1c8-44ed-9b0a-02b6d8aa44a7,Chapel Hill Denham Research,analyst,high,email_sender_and_report_type,Chapel Hill Denham Research <research@chapelhilldenham.com>,insert,
9d522ec2-8856-4afa-b8a8-e8dda9416016,West Africa Weekly Market Report,review,batch2a,b5912ff3-e1c8-44ed-9b0a-02b6d8aa44a7,Chapel Hill Denham Research,analyst,high,email_sender_and_report_type,Chapel Hill Denham Research <research@chapelhilldenham.com>,insert,
e7e45424-a569-4653-b014-fb2c594fbc61,West Africa Weekly Market Report,review,batch2a,b5912ff3-e1c8-44ed-9b0a-02b6d8aa44a7,Chapel Hill Denham Research,analyst,high,email_sender_and_report_type,Chapel Hill Denham Research <research@chapelhilldenham.com>,insert,
1f35b446-9d4e-4e9c-9e49-17ebb999b49c,West Africa Weekly Market Report,review,batch2a,b5912ff3-e1c8-44ed-9b0a-02b6d8aa44a7,Chapel Hill Denham Research,analyst,high,email_sender_and_report_type,Chapel Hill Denham Research <research@chapelhilldenham.com>,insert,
613ad600-36f8-41bd-92e7-b0d95536a2c9,West Africa Weekly Market Report,review,batch2a,b5912ff3-e1c8-44ed-9b0a-02b6d8aa44a7,Chapel Hill Denham Research,analyst,high,email_sender_and_report_type,Chapel Hill Denham Research <research@chapelhilldenham.com>,insert,
d9f5ff51-3d3d-44e7-93ad-6eb50b05888c,Daily Market Summary,review,legacy,,,,none,,,skip,
c8f0baca-5ea1-4ac5-96ea-e3f3a95645d4,Daily Market Summary,review,legacy,,,,none,,,skip,
55e80c3b-76e8-455a-8603-87985d2ccb2e,Ghanaian Daily Market Summary,review,legacy,,,,none,,,skip,
04202710-92e7-43c5-a0ad-4f058ed04271,Ghanaian Daily Market Summary,review,legacy,,,,none,,,skip,
7c454687-7def-45df-832d-a32c71704249,Nigeria Corporate Action Tracker,review,legacy,,,,none,,,skip,
9280aeae-743a-4558-a019-e15339b72fad,Nigeria Corporate Action Tracker,review,legacy,,,,none,,,skip,
e4ec01b4-af7f-4b07-aba5-b6e103f1fff9,Nigeria Corporate Action Tracker,review,legacy,,,,none,,,skip,